0,Lunar's Comet 35L Water Resistant Travel Bagpack/College Backpack/School Bag/Office Bag/Business Backpack/Daypack for Men and Women with 1 Year Warranty,799,"12,986",4.0,https://www.amazon.in//Lunars-Comet-Resistant-Casual-Backpack/dp/B07WNFN1XS/ref=sr_1_49?crid=2M096C61O4MLT&keywords=bags&qid=1679402027&sprefix=ba%2Caps%2C283&sr=8-49
1,"Bennett Laptop Bag for Menं & Women 15.6 inch, 25 L Water Resistant Bag Laptop Apple/Dell/Lenovo/Asus/Hp/Samsung/Mi/MacBook/Ultrabook/Thinkpad/Ideapad/Surfacepro (Blue)",512,436,4.0,https://www.amazon.in//Bennett-15-6-inch-Repellent-Backpack-ben_cas_blue/dp/B09WZKB54G/ref=sr_1_50?crid=2M096C61O4MLT&keywords=bags&qid=1679402027&sprefix=ba%2Caps%2C283&sr=8-50
2,"Genie Lush School Bag for Girls, 17 inch Backpack for Women, 3 compartments Water Resistant Stylish and Trendy College Backpacks for Girls",955,"1,432",4.1,https://www.amazon.in//Genie-Black-School-Backpack-LUSH19SBBLK/dp/B07QHLBBPM/ref=sr_1_51?crid=2M096C61O4MLT&keywords=bags&qid=1679402027&sprefix=ba%2Caps%2C283&sr=8-51
3,Arctic Fox 15 Liters Draw String Bag Lavender Backpack,222,"2,948",4.3,https://www.amazon.in//Arctic-Fox-Liters-String-Backpack/dp/B08L6Q9V1H/ref=sr_1_52?crid=2M096C61O4MLT&keywords=bags&qid=1679402027&sprefix=ba%2Caps%2C283&sr=8-52
4,"Safari Spartan 21 Ltrs Water Resistant Backpack - Blue, S (SPARTAN19CBBLU)",599,681,3.8,https://www.amazon.in//Safari-Spartan-Water-Resistant-Backpack/dp/B09B26MB5M/ref=sr_1_53?crid=2M096C61O4MLT&keywords=bags&qid=1679402027&sprefix=ba%2Caps%2C283&sr=8-53
5,Lify Women's Retro Large Size Canvas Shoulder Bag Hobo Crossbody Handbag Casual Tote - 1 Piece,320,"1,319",3.8,https://www.amazon.in//Lify-Womens-Shoulder-Crossbody-Handbag/dp/B09JWMW646/ref=sr_1_54?crid=2M096C61O4MLT&keywords=bags&qid=1679402027&sprefix=ba%2Caps%2C283&sr=8-54
6,F Gear Enzo Sports Waist Bag (.Black Blue),200,"1,111",4.2,https://www.amazon.in//F-Gear-Enzo-Black-Blue-Waist-Bag/dp/B0862LXJYT/ref=sr_1_55?crid=2M096C61O4MLT&keywords=bags&qid=1679402027&sprefix=ba%2Caps%2C283&sr=8-55
7,Bennett™ Mystic 15.6 inch (39.6cm) Laptop Briefcase Shoulder Sling Office Business Professional Travel Messenger Bag for Men and Women Water Repellent Formal Executive Bags (Grey) 6 Months Warranty,512,"5,218",4.1,https://www.amazon.in//BennettTM-Mystic-Shoulder-Messenger-Repellent/dp/B09321GJXZ/ref=sr_1_56?crid=2M096C61O4MLT&keywords=bags&qid=1679402027&sprefix=ba%2Caps%2C283&sr=8-56
8,Bennett™ Mystic Unisex Adult Men's Laptop Bag 15.6 inch Side Shoulder Briefcase Satchel Messenger Business Bags for Men & Women Front Pocket for Laptop Accessories - Black (6 Month Warranty),512,"5,218",4.1,https://www.amazon.in//BennettTM-Shoulder-Messenger-Repellent-Charcoal/dp/B09CV24TMK/ref=sr_1_57?crid=2M096C61O4MLT&keywords=bags&qid=1679402027&sprefix=ba%2Caps%2C283&sr=8-57
9,Lenovo Casual Laptop Briefcase T210 (Toploader) 39.62 cm (15.6-inch) Water Repellent Black,799,"54,766",4.2,https://www.amazon.in//Lenovo-Carrying-15-6-Inch-Toploader-GX40Q17229/dp/B075Y6Y9H5/ref=sr_1_58?crid=2M096C61O4MLT&keywords=bags&qid=1679402027&sprefix=ba%2Caps%2C283&sr=8-58
10,Trajectory 100% Vegan Leather 16 Inch Laptop Office Messenger bag for all laptop like Apple MacBook with 2 Years Warranty and Spacious Multiple Compartment with Expandable Bottom Used as Shoulder and Handbag for Men and Women,"1,399",312,4.2,https://www.amazon.in//Trajectory-Elegant-15-6-Laptop-Office/dp/B09RK6NCGC/ref=sr_1_59?crid=2M096C61O4MLT&keywords=bags&qid=1679402027&sprefix=ba%2Caps%2C283&sr=8-59
11,"Tabelito® Casual 15.6 Inch Laptop Bag (39.6cm), 25 LTR Water Repellent Backpack Laptop Apple/ Dell/ Lenovo/ Asus/ Hp/ Samsung/ Mi/ MacBook/ Ultrabook/ Thinkpad/ Ideapad/ Surfacepro Men Women (Blue)",549,"1,599",4.2,https://www.amazon.in//Tabelito-Laptop-Backpack-15-6-inch-Repellent/dp/B08Y3KCN32/ref=sr_1_60?crid=2M096C61O4MLT&keywords=bags&qid=1679402027&sprefix=ba%2Caps%2C283&sr=8-60
12,DZert Kids School Bag Soft Plush Backpacks Cartoon Boys Girls Baby (2-5 Years),219,"3,005",3.7,https://www.amazon.in//DZert-Kids-Grey-School-Years/dp/B07QD1M3R9/ref=sr_1_61?crid=2M096C61O4MLT&keywords=bags&qid=1679402027&sprefix=ba%2Caps%2C283&sr=8-61
13,F Gear String 11 Ltrs Nylon Black Gym Bag,189,437,4.0,https://www.amazon.in//F-Gear-String-Polyester-33-cms-Black-Drawstring-Gym-Bag/dp/B07PC28YQ9/ref=sr_1_62?crid=2M096C61O4MLT&keywords=bags&qid=1679402027&sprefix=ba%2Caps%2C283&sr=8-62
14,Asus BP1504 39.62 cm (15.6-inch) Laptop Backpack (Dark Grey),811,"1,534",4.2,https://www.amazon.in//Asus-BP1504-15-6-inch-Laptop-Backpack/dp/B0895ZZHKK/ref=sr_1_63?crid=2M096C61O4MLT&keywords=bags&qid=1679402027&sprefix=ba%2Caps%2C283&sr=8-63
15,Zipline Unisex Casual Polyester 36 L Backpack School Bag Women Men Boys Girls Children Daypack College Bag Book School Sports Bag,843,740,3.7,https://www.amazon.in//Zipline-Nexa-Resistant-Bagpack-Backpack/dp/B08WQ668WJ/ref=sr_1_64?crid=2M096C61O4MLT&keywords=bags&qid=1679402027&sprefix=ba%2Caps%2C283&sr=8-64
16,"F Gear Blow Laptop Backpack With Rain Cover 32 Liters (Black,Grey) Sch Bag",931,"1,256",4.3,https://www.amazon.in//F-Gear-Blow-Laptop-Backpack/dp/B078J63VRY/ref=sr_1_177?crid=2M096C61O4MLT&keywords=bags&qid=1679402062&sprefix=ba%2Caps%2C283&sr=8-177
17,"BESTAQUA Large Capacity Cosmetic Travel Bag, Women's Makeup Travel Bag Portable Leather Cosmetics Bag, Makeup Storage Bags with Handle and Divider,Makeup Organizer Bags(Multi)",799,1,1.0,https://www.amazon.in//BESTAQUA-Capacity-Cosmetic-Cosmetics-Organizer/dp/B0BW62ZR8N/ref=sr_1_178?crid=2M096C61O4MLT&keywords=bags&qid=1679402062&sprefix=ba%2Caps%2C283&sr=8-178
18,F Gear Tycoon 27 Liters Laptop Backpack Sch Bag(Black),"1,168",216,4.4,https://www.amazon.in//F-Gear-Tycoon-Laptop-Backpack/dp/B071XJ6XV5/ref=sr_1_179?crid=2M096C61O4MLT&keywords=bags&qid=1679402062&sprefix=ba%2Caps%2C283&sr=8-179
19,"F Gear Blow Laptop Backpack With Rain Cover 32 Liters (Red,Grey) Sch Bag","1,096",281,4.4,https://www.amazon.in//F-Gear-Blow-Laptop-Backpack-Red/dp/B0749MPCFT/ref=sr_1_180?crid=2M096C61O4MLT&keywords=bags&qid=1679402062&sprefix=ba%2Caps%2C283&sr=8-180
20,Cosmus Vogue Casual Laptop Backpack with USB Charger Port 46cm 26 Litre Navy College Bag,"1,181","1,364",4.2,https://www.amazon.in//Cosmus-Casual-Backpack-Charger-College/dp/B08D7D2ZFX/ref=sr_1_181?crid=2M096C61O4MLT&keywords=bags&qid=1679402062&sprefix=ba%2Caps%2C283&sr=8-181
21,"WILDHORN 31L Laptop Backpack for Men / Women I Fits upto 15.6"" Laptop I Waterproof I Travel / Business / College Bookbags",599,953,4.1,https://www.amazon.in//WILDHORN-Backpack-Compartment-Business-Stitching/dp/B09QL66G55/ref=sr_1_182?crid=2M096C61O4MLT&keywords=bags&qid=1679402062&sprefix=ba%2Caps%2C283&sr=8-182
22,ZIPLOC Polyester 42 Liters Waterproof Laptop Backpack/Office Bag/School Bag/College Bag/Business Bag/Unisex Travel Backpack ( Black ),"1,599",10,3.6,https://www.amazon.in//ZIPLOC-Polyester-Waterproof-Backpack-Business/dp/B099FFLQ5Q/ref=sr_1_183?crid=2M096C61O4MLT&keywords=bags&qid=1679402062&sprefix=ba%2Caps%2C283&sr=8-183
23,Gear Vintage2 28L Faux Leather Water Resistant Anti Theft Laptop Bag/Backpack for Men/Women-Navy,"1,030","3,134",4.4,https://www.amazon.in//Gear-Vintage2-Leather-Backpack-LBPVG2LTH0501/dp/B07G4HH78P/ref=sr_1_184?crid=2M096C61O4MLT&keywords=bags&qid=1679402062&sprefix=ba%2Caps%2C283&sr=8-184
24,"FUR JADEN Travel Laptop Backpack, Business Backpacks with USB Charging Port, Water Resistant College School Computer Bag for Men & Women Fits Under 15.6 inch Laptop and Notebook",989,107,4.1,https://www.amazon.in//Backpack-Business-Backpacks-Charging-Resistant/dp/B094DGXXR5/ref=sr_1_185?crid=2M096C61O4MLT&keywords=bags&qid=1679402062&sprefix=ba%2Caps%2C283&sr=8-185
25,"uppercase 26 Ltrs Ryder Professional Laptop Backpack (15.6 Inch) 3x more water resistant sustainable bags with rain proof zippers for Men, Women, Boys and Girls, 750 Days warranty","2,400",19,4.7,https://www.amazon.in//uppercase-Professional-Backpack-resistant-sustainable/dp/B0BRMWDNZ7/ref=sr_1_186?crid=2M096C61O4MLT&keywords=bags&qid=1679402062&sprefix=ba%2Caps%2C283&sr=8-186
26,ZOUK Black Floral Printed Handmade Vegan Leather Women's Office Bag for 15.6 inch Laptop with Double Handles - FloMotif,"1,699","1,845",4.4,https://www.amazon.in//FloMotif-Business-Shoulder-material-resistant/dp/B07NHYLTY7/ref=sr_1_187?crid=2M096C61O4MLT&keywords=bags&qid=1679402062&sprefix=ba%2Caps%2C283&sr=8-187
27,"POLESTAR Leader 34 L Bag for College, School, Office, Casual Multipurpose Backpack with 15.6"" Laptop Compartment, Water Resistant, Unisex Design, Stylish & Durable, 1 Year Warranty",599,"3,430",4.1,https://www.amazon.in//POLESTAR-backpack-Backpack-College-Students/dp/B08X2JSJ6N/ref=sr_1_188?crid=2M096C61O4MLT&keywords=bags&qid=1679402062&sprefix=ba%2Caps%2C283&sr=8-188
28,Wildcraft 35 Ltrs 18.5 cms Backpack (11911 Grey_Grey),"1,266",160,4.2,https://www.amazon.in//Wildcraft-Solid-Backpack-Grey-11911/dp/B07N1CM9QS/ref=sr_1_189_mod_primary_new?crid=2M096C61O4MLT&keywords=bags&qid=1679402062&sbo=RZvfv%2F%2FHxDF%2BO5021pAnSA%3D%3D&sprefix=ba%2Caps%2C283&sr=8-189
29,DZert Clasy Laptop Bag College Bag for Boys Girls 21 L Red Black,296,"2,292",3.8,https://www.amazon.in//DZert-Polyester-Black-White-Backpack/dp/B07GXX2BP3/ref=sr_1_190?crid=2M096C61O4MLT&keywords=bags&qid=1679402062&sprefix=ba%2Caps%2C283&sr=8-190
30,KILLER Louis 38L Large Laptop Backpack With 3 Compartments Polyester Trendy Waterproof Travel Backpack,"1,664","11,120",4.4,https://www.amazon.in//Killer-Backpack-Compartments-Polyester-Waterproof/dp/B07CDD6YS2/ref=sr_1_191?crid=2M096C61O4MLT&keywords=bags&qid=1679402062&sprefix=ba%2Caps%2C283&sr=8-191
31,Skybags Network Pro 26L Unisex Blue Laptop Bags,"2,999",57,3.9,https://www.amazon.in//Skybags-Network-Unisex-Blue-Laptop/dp/B0B4DTMVXY/ref=sr_1_192?crid=2M096C61O4MLT&keywords=bags&qid=1679402062&sprefix=ba%2Caps%2C283&sr=8-192
32,ADISA 32L Large Laptop Backpack Office Bag College Travel Back Pack with rain Cover (Navy),599,5,4.4,https://www.amazon.in//ADISA-Laptop-Backpack-Office-College/dp/B0BVRJYD9Q/ref=sr_1_225?crid=2M096C61O4MLT&keywords=bags&qid=1679402076&sprefix=ba%2Caps%2C283&sr=8-225
33,Half Moon 35 L Casual Waterproof Laptop Bag/Backpack for Men Women Boys Girls/Office School College Teens & Students with Rain Cover (18 Inch) (Black),699,8,3.8,https://www.amazon.in//Half-Moon-Waterproof-Backpack-Students/dp/B0BR149RMT/ref=sr_1_226?crid=2M096C61O4MLT&keywords=bags&qid=1679402076&sprefix=ba%2Caps%2C283&sr=8-226
34,Wildcraft Work Packs'18 25 Ltrs Blue Laptop Backpack (ACE),"1,630",10,3.6,https://www.amazon.in//Wildcraft-Packs18-Laptop-Backpack-ACE/dp/B07GS9ZWFX/ref=sr_1_227?crid=2M096C61O4MLT&keywords=bags&qid=1679402076&sprefix=ba%2Caps%2C283&sr=8-227
35,"MosQuick® Clear large Drawstring Bags Clear Plastic Travel Bags, Travel Garments Organizing Storage Plastic Bags ,Shoe bags , Stationery Bag,multipurpose bag - Translucent",324,50,4.2,https://www.amazon.in//MosQuick%C2%AE-Drawstring-Organizing-Stationery-multipurpose/dp/B09SB42QFQ/ref=sr_1_228?crid=2M096C61O4MLT&keywords=bags&qid=1679402076&sprefix=ba%2Caps%2C283&sr=8-228
36,American Tourister Spin 49 cms Teal Laptop Backpack,"1,699","1,432",4.0,https://www.amazon.in//American-Tourister-FS0-11-001/dp/B07S13P8BW/ref=sr_1_229?crid=2M096C61O4MLT&keywords=bags&qid=1679402076&sprefix=ba%2Caps%2C283&sr=8-229
37,"Storite Pack of 2 Heavy Duty Canvas Grocery Shopping Bags with Reinforced Handles (40x20x33-cm, Green)",519,"2,105",4.3,https://www.amazon.in//Storite-Grocery-Shopping-Reinforced-40x20x33-cm/dp/B079T66RBW/ref=sr_1_230?crid=2M096C61O4MLT&keywords=bags&qid=1679402076&sprefix=ba%2Caps%2C283&sr=8-230
38,Tommy Hilfiger Connor 23 Ltrs Black Laptop Backpack (TH/CONNORLAP01),"1,559",151,4.1,https://www.amazon.in//Hilfiger-Connor-Backpack-TH-CONNORLAP20/dp/B07N8HPP97/ref=sr_1_231?crid=2M096C61O4MLT&keywords=bags&qid=1679402076&sprefix=ba%2Caps%2C283&sr=8-231
39,LL LEATHER LAND DESIGNER BAGS Women Sling Bag,299,"1,629",4.0,https://www.amazon.in//LL-LEATHER-LAND-DESIGNER-BAGS/dp/B0BD4TTDHD/ref=sr_1_232?crid=2M096C61O4MLT&keywords=bags&qid=1679402076&sprefix=ba%2Caps%2C283&sr=8-232
40,Half Moon 35 L Casual Water Resistant 15.6 inch Laptop Bag/Backpack for Men Women Boys Girls/Office School College Teens & Students with Rain Cover (Airport Blue),699,192,3.8,https://www.amazon.in//Half-Moon-Resistant-Laptop-Backpack/dp/B09B68N8LT/ref=sr_1_233?crid=2M096C61O4MLT&keywords=bags&qid=1679402076&sprefix=ba%2Caps%2C283&sr=8-233
41,Wooum 15.6 Inch Office Laptop Bags Briefcase for Men and Women Side Bag for Laptop Briefcase Slim messanger Bag for Laptop,501.,18,4.2,https://www.amazon.in//Wooum-Office-Laptop-Briefcase-messanger/dp/B09MKVNKVK/ref=sr_1_234?crid=2M096C61O4MLT&keywords=bags&qid=1679402076&sprefix=ba%2Caps%2C283&sr=8-234
42,Skybags Brat 22L Red Polyester Casual Backpack,702,224,4.0,https://www.amazon.in//Skybags-Brat-Polyester-Casual-Backpack/dp/B0BBPPM33V/ref=sr_1_235?crid=2M096C61O4MLT&keywords=bags&qid=1679402076&sprefix=ba%2Caps%2C283&sr=8-235
43,F Gear Samurai Black 30 liter Laptop Backpack Sch Bag,892,83,4.1,https://www.amazon.in//F-Gear-Samurai-Black-Laptop-Backpack/dp/B071F2M8CW/ref=sr_1_236?crid=2M096C61O4MLT&keywords=bags&qid=1679402076&sprefix=ba%2Caps%2C283&sr=8-236
44,PACKNBUY Diaper Bag for Babies Mother Hospital Maternity Baby Bags (Blue),"1,499",13,4.2,https://www.amazon.in//PACKNBUY-Diaper-Mother-Maternity-Backpack/dp/B07Z853TJN/ref=sr_1_237?crid=2M096C61O4MLT&keywords=bags&qid=1679402076&sprefix=ba%2Caps%2C283&sr=8-237
45,ADISA 15.6 inch Laptop Backpack Office Bag College Travel Back Pack 32 Ltrs BP032 (Teal-Red),499,164,4.0,https://www.amazon.in//ADISA-litres-Laptop-Backpack-Earphone/dp/B08RWCLFHY/ref=sr_1_238?crid=2M096C61O4MLT&keywords=bags&qid=1679402076&sprefix=ba%2Caps%2C283&sr=8-238
46,"SKYTONE Large Capacity Cosmetic Travel Bag, Women's Makeup Travel Bag Portable Leather Cosmetics Bag, Makeup Storage Bags with Handle and Divider, Wide Opening Cosmetic/Makeup Organizer (Pink)",749,22,3.6,https://www.amazon.in//SKYTONE-Cosmetic-Bag-Cosmetics-Organizer/dp/B0BV358QKF/ref=sr_1_239?crid=2M096C61O4MLT&keywords=bags&qid=1679402076&sprefix=ba%2Caps%2C283&sr=8-239
47,PrimeBox Travel Duffel Bag Sports Tote Shoulder Gym Bag Womens Travel Bags Lightweight Water Resistant Workout Bag for Sports Activity Pack of 1 Black Green line Color,499,no review,M.R.P: ,https://www.amazon.in//PrimeBox-Shoulder-Lightweight-Resistant-Activity/dp/B0BR3SJ46H/ref=sr_1_240?crid=2M096C61O4MLT&keywords=bags&qid=1679402076&sprefix=ba%2Caps%2C283&sr=8-240
